--DML BATABASE BUSINESS ADMINISTRATOR
--TEST DATA (TABLE USERS => [CLIENTS][EMPLOYEES])
USE BUSINESS_ADMINISTRATOR

INSERT INTO USERS([first_name],[last_name],[cellphone_number],[document],[email],[user_type]) VALUES('Germaine','Tyler','3723444726','25911550399','metus.sit@velvenenatis.ca',2);
INSERT INTO CLIENTS([document_user],[balance],[debt]) VALUES ('25911550399',0,0)
INSERT INTO USERS([first_name],[last_name],[cellphone_number],[document],[email],[user_type]) VALUES('Emma','Hobbs','3372843577','78495274499','sodales@lectusrutrumurna.ca',2);
INSERT INTO CLIENTS([document_user],[balance],[debt]) VALUES ('78495274499',0,0)
INSERT INTO USERS([first_name],[last_name],[cellphone_number],[document],[email],[user_type]) VALUES('Tashya','Benjamin','3973231617','45898567199','non@amalesuadaid.com',2);
INSERT INTO CLIENTS([document_user],[balance],[debt]) VALUES ('45898567199',0,0)
INSERT INTO USERS([first_name],[last_name],[cellphone_number],[document],[email],[user_type]) VALUES('Hamilton','Floyd','3735122652','92400127499','a@penatibus.co.uk',2);
INSERT INTO CLIENTS([document_user],[balance],[debt]) VALUES ('92400127499',0,0)
INSERT INTO USERS([first_name],[last_name],[cellphone_number],[document],[email],[user_type]) VALUES('Alfonso','Avila','3362372116','58305040199','Vivamus.sit.amet@Crasdolor.ca',2);
INSERT INTO CLIENTS([document_user],[balance],[debt]) VALUES ('58305040199',0,0)
INSERT INTO USERS([first_name],[last_name],[cellphone_number],[document],[email],[user_type]) VALUES('Giacomo','Dunn','3972319724','78820880899','Phasellus.dolor.elit@eu.net',2);
INSERT INTO CLIENTS([document_user],[balance],[debt]) VALUES ('78820880899',0,0)
INSERT INTO USERS([first_name],[last_name],[cellphone_number],[document],[email],[user_type]) VALUES('Faith','Moreno','3721972393','95735788999','hendrerit@orciluctuset.net',2);
INSERT INTO CLIENTS([document_user],[balance],[debt]) VALUES ('95735788999',0,0)
INSERT INTO USERS([first_name],[last_name],[cellphone_number],[document],[email],[user_type]) VALUES('Dillon','Vasquez','3514732229','64453252699','luctus.Curabitur.egestas@nisiCumsociis.ca',2);
INSERT INTO CLIENTS([document_user],[balance],[debt]) VALUES ('64453252699',0,0)
INSERT INTO USERS([first_name],[last_name],[cellphone_number],[document],[email],[user_type]) VALUES('Barrett','Dudley','3244953976','21560455599','tincidunt.neque@aliquamenim.co.uk',2);
INSERT INTO CLIENTS([document_user],[balance],[debt]) VALUES ('21560455599',0,0)
INSERT INTO USERS([first_name],[last_name],[cellphone_number],[document],[email],[user_type]) VALUES('Desirae','Holder','3742949318','50891160999','sed.turpis.nec@feugiattellus.net',2);
INSERT INTO CLIENTS([document_user],[balance],[debt]) VALUES ('50891160999',0,0)
INSERT INTO USERS([first_name],[last_name],[cellphone_number],[document],[email],[user_type]) VALUES('Lucian','Bradley','3951597895','76332480399','nibh.lacinia.orci@mienimcondimentum.ca',2);
INSERT INTO CLIENTS([document_user],[balance],[debt]) VALUES ('76332480399',0,0)
INSERT INTO USERS([first_name],[last_name],[cellphone_number],[document],[email],[user_type]) VALUES('Donna','Nielsen','3333487952','87718527299','Vivamus.nibh.dolor@posuere.org',2);
INSERT INTO CLIENTS([document_user],[balance],[debt]) VALUES ('87718527299',0,0)
INSERT INTO USERS([first_name],[last_name],[cellphone_number],[document],[email],[user_type]) VALUES('Clinton','Carroll','3329442636','82303255999','Donec.luctus.aliquet@inmagna.edu',2);
INSERT INTO CLIENTS([document_user],[balance],[debt]) VALUES ('82303255999',0,0)
INSERT INTO USERS([first_name],[last_name],[cellphone_number],[document],[email],[user_type]) VALUES('Lee','Miranda','3652372743','71776015899','egestas@dolordolor.ca',2);
INSERT INTO CLIENTS([document_user],[balance],[debt]) VALUES ('71776015899',0,0)
INSERT INTO USERS([first_name],[last_name],[cellphone_number],[document],[email],[user_type]) VALUES('Jolie','Knox','3757833137','12931204999','euismod.in.dolor@bibendum.com',2);
INSERT INTO CLIENTS([document_user],[balance],[debt]) VALUES ('12931204999',0,0)
INSERT INTO USERS([first_name],[last_name],[cellphone_number],[document],[email],[user_type]) VALUES('Geraldine','Salazar','3558819626','92680749399','lorem.lorem.luctus@nibhvulputate.ca',2);
INSERT INTO CLIENTS([document_user],[balance],[debt]) VALUES ('92680749399',0,0)
INSERT INTO USERS([first_name],[last_name],[cellphone_number],[document],[email],[user_type]) VALUES('Madeline','Maxwell','3323662619','27610543099','ultricies.dignissim.lacus@atvelitCras.co.uk',2);
INSERT INTO CLIENTS([document_user],[balance],[debt]) VALUES ('27610543099',0,0)
INSERT INTO USERS([first_name],[last_name],[cellphone_number],[document],[email],[user_type]) VALUES('Talon','Martin','3618492433','08769196499','tincidunt.congue.turpis@feugiatSed.com',2);
INSERT INTO CLIENTS([document_user],[balance],[debt]) VALUES ('08769196499',0,0)
INSERT INTO USERS([first_name],[last_name],[cellphone_number],[document],[email],[user_type]) VALUES('Melodie','Browning','3478984696','27992931399','ut.nisi.a@dictum.ca',2);
INSERT INTO CLIENTS([document_user],[balance],[debt]) VALUES ('27992931399',0,0)
INSERT INTO USERS([first_name],[last_name],[cellphone_number],[document],[email],[user_type]) VALUES('Timon','Cote','3354832739','95246388699','cursus.in.hendrerit@orciPhasellusdapibus.ca',2);
INSERT INTO CLIENTS([document_user],[balance],[debt]) VALUES ('95246388699',0,0)
INSERT INTO USERS([first_name],[last_name],[cellphone_number],[document],[email],[user_type]) VALUES('Amanda','Salinas','3779882369','16855291599','molestie.sodales@Aliquamnec.net',2);
INSERT INTO CLIENTS([document_user],[balance],[debt]) VALUES ('16855291599',0,0)
INSERT INTO USERS([first_name],[last_name],[cellphone_number],[document],[email],[user_type]) VALUES('Hanae','Martin','3899171489','85364284899','cursus.et@venenatisvel.edu',2);
INSERT INTO CLIENTS([document_user],[balance],[debt]) VALUES ('85364284899',0,0)
INSERT INTO USERS([first_name],[last_name],[cellphone_number],[document],[email],[user_type]) VALUES('Imogene','Mercer','3136362381','12491270599','et@imperdietnonvestibulum.ca',2);
INSERT INTO CLIENTS([document_user],[balance],[debt]) VALUES ('12491270599',0,0)
INSERT INTO USERS([first_name],[last_name],[cellphone_number],[document],[email],[user_type]) VALUES('Xenos','Stout','3443843733','32936277799','Fusce@luctusaliquet.co.uk',2);
INSERT INTO CLIENTS([document_user],[balance],[debt]) VALUES ('32936277799',0,0)
INSERT INTO USERS([first_name],[last_name],[cellphone_number],[document],[email],[user_type]) VALUES('Nina','Johnson','3148127778','80709046399','enim@nequevitae.com',2);
INSERT INTO CLIENTS([document_user],[balance],[debt]) VALUES ('80709046399',0,0)
INSERT INTO USERS([first_name],[last_name],[cellphone_number],[document],[email],[user_type]) VALUES('Ishmael','Thomas','3713376168','04495385799','libero.at.auctor@necmollisvitae.ca',2);
INSERT INTO CLIENTS([document_user],[balance],[debt]) VALUES ('04495385799',0,0)
INSERT INTO USERS([first_name],[last_name],[cellphone_number],[document],[email],[user_type]) VALUES('Mohammad','Fulton','3358688998','62857059299','nonummy.ipsum.non@pedeCumsociis.org',2);
INSERT INTO CLIENTS([document_user],[balance],[debt]) VALUES ('62857059299',0,0)
INSERT INTO USERS([first_name],[last_name],[cellphone_number],[document],[email],[user_type]) VALUES('Althea','Ball','3297738199','47574247099','ridiculus@Integer.net',2);
INSERT INTO CLIENTS([document_user],[balance],[debt]) VALUES ('47574247099',0,0)
INSERT INTO USERS([first_name],[last_name],[cellphone_number],[document],[email],[user_type]) VALUES('Scott','Sullivan','3541662573','07869337899','ipsum.cursus@posuereenim.net',2);
INSERT INTO CLIENTS([document_user],[balance],[debt]) VALUES ('07869337899',0,0)
INSERT INTO USERS([first_name],[last_name],[cellphone_number],[document],[email],[user_type]) VALUES('Nayda','Irwin','3449454764','86603454499','tempus@Nulla.net',2);
INSERT INTO CLIENTS([document_user],[balance],[debt]) VALUES ('86603454499',0,0)
INSERT INTO USERS([first_name],[last_name],[cellphone_number],[document],[email],[user_type]) VALUES('Gareth','Alvarez','3363913723','02646670699','amet.ante.Vivamus@scelerisqueneque.ca',2);
INSERT INTO CLIENTS([document_user],[balance],[debt]) VALUES ('02646670699',0,0)
INSERT INTO USERS([first_name],[last_name],[cellphone_number],[document],[email],[user_type]) VALUES('Margaret','Fitzgerald','3832328627','56311730099','tortor@nunc.edu',2);
INSERT INTO CLIENTS([document_user],[balance],[debt]) VALUES ('56311730099',0,0)
INSERT INTO USERS([first_name],[last_name],[cellphone_number],[document],[email],[user_type]) VALUES('Kasimir','Gilbert','3967212773','74981605099','vitae.dolor.Donec@Proin.net',2);
INSERT INTO CLIENTS([document_user],[balance],[debt]) VALUES ('74981605099',0,0)
INSERT INTO USERS([first_name],[last_name],[cellphone_number],[document],[email],[user_type]) VALUES('Julie','Bradley','3642962473','94418057599','ornare@magna.com',2);
INSERT INTO CLIENTS([document_user],[balance],[debt]) VALUES ('94418057599',0,0)
INSERT INTO USERS([first_name],[last_name],[cellphone_number],[document],[email],[user_type]) VALUES('Patience','Becker','3821571194','38653078299','scelerisque.neque@eliterat.edu',2);
INSERT INTO CLIENTS([document_user],[balance],[debt]) VALUES ('38653078299',0,0)
INSERT INTO USERS([first_name],[last_name],[cellphone_number],[document],[email],[user_type]) VALUES('Emi','Hansen','3491644596','45397563599','odio.sagittis@tempusrisus.co.uk',2);
INSERT INTO CLIENTS([document_user],[balance],[debt]) VALUES ('45397563599',0,0)
INSERT INTO USERS([first_name],[last_name],[cellphone_number],[document],[email],[user_type]) VALUES('Amery','House','3946697932','49297974799','est.Mauris@maurisidsapien.com',2);
INSERT INTO CLIENTS([document_user],[balance],[debt]) VALUES ('49297974799',0,0)
INSERT INTO USERS([first_name],[last_name],[cellphone_number],[document],[email],[user_type]) VALUES('Nell','Callahan','3798484326','32701518699','sagittis@Curabituregestasnunc.net',2);
INSERT INTO CLIENTS([document_user],[balance],[debt]) VALUES ('32701518699',0,0)
INSERT INTO USERS([first_name],[last_name],[cellphone_number],[document],[email],[user_type]) VALUES('Yuri','Powell','3414688582','12784406199','Curae@vitaesemperegestas.net',2);
INSERT INTO CLIENTS([document_user],[balance],[debt]) VALUES ('12784406199',0,0)
INSERT INTO USERS([first_name],[last_name],[cellphone_number],[document],[email],[user_type]) VALUES('Alan','Small','3982764451','93255254799','pellentesque.eget.dictum@placeratvelit.org',2);
INSERT INTO CLIENTS([document_user],[balance],[debt]) VALUES ('93255254799',0,0)
INSERT INTO USERS([first_name],[last_name],[cellphone_number],[document],[email],[user_type]) VALUES('Kenyon','Barr','3427984512','86359991099','Aenean.egestas.hendrerit@ipsumprimisin.com',2);
INSERT INTO CLIENTS([document_user],[balance],[debt]) VALUES ('86359991099',0,0)
INSERT INTO USERS([first_name],[last_name],[cellphone_number],[document],[email],[user_type]) VALUES('Hunter','Warner','3125554654','53928839799','nascetur.ridiculus.mus@acmattisornare.com',2);
INSERT INTO CLIENTS([document_user],[balance],[debt]) VALUES ('53928839799',0,0)
INSERT INTO USERS([first_name],[last_name],[cellphone_number],[document],[email],[user_type]) VALUES('Yeo','Malone','3934359763','55768261099','a.arcu@id.co.uk',2);
INSERT INTO CLIENTS([document_user],[balance],[debt]) VALUES ('55768261099',0,0)
INSERT INTO USERS([first_name],[last_name],[cellphone_number],[document],[email],[user_type]) VALUES('Taylor','Cabrera','3842166294','43424196399','Nulla@blanditNamnulla.net',2);
INSERT INTO CLIENTS([document_user],[balance],[debt]) VALUES ('43424196399',0,0)
INSERT INTO USERS([first_name],[last_name],[cellphone_number],[document],[email],[user_type]) VALUES('Blair','Avila','3974155343','87743442899','netus@loremvitae.net',2);
INSERT INTO CLIENTS([document_user],[balance],[debt]) VALUES ('87743442899',0,0)
INSERT INTO USERS([first_name],[last_name],[cellphone_number],[document],[email],[user_type]) VALUES('Daphne','Davidson','3168223145','66336852999','vitae.erat.Vivamus@cursuspurusNullam.net',2);
INSERT INTO CLIENTS([document_user],[balance],[debt]) VALUES ('66336852999',0,0)
INSERT INTO USERS([first_name],[last_name],[cellphone_number],[document],[email],[user_type]) VALUES('Edward','Wise','3322557945','13234835699','molestie@scelerisqueneque.net',2);
INSERT INTO CLIENTS([document_user],[balance],[debt]) VALUES ('13234835699',0,0)
INSERT INTO USERS([first_name],[last_name],[cellphone_number],[document],[email],[user_type]) VALUES('Yen','Knowles','3114724323','69268602299','venenatis@utpharetra.com',2);
INSERT INTO CLIENTS([document_user],[balance],[debt]) VALUES ('69268602299',0,0)
INSERT INTO USERS([first_name],[last_name],[cellphone_number],[document],[email],[user_type]) VALUES('Giselle','Park','3376381717','57955049499','ultrices@at.ca',2);
INSERT INTO CLIENTS([document_user],[balance],[debt]) VALUES ('57955049499',0,0)
INSERT INTO USERS([first_name],[last_name],[cellphone_number],[document],[email],[user_type]) VALUES('Ivor','Flynn','3623615663','70792102899','velit.Aliquam@adipiscingenimmi.com',2);
INSERT INTO CLIENTS([document_user],[balance],[debt]) VALUES ('70792102899',0,0)
INSERT INTO USERS([first_name],[last_name],[cellphone_number],[document],[email],[user_type]) VALUES('Catherine','Snow','3867513524','21472733799','lorem.vitae.odio@Pellentesqueultricies.edu',2);
INSERT INTO CLIENTS([document_user],[balance],[debt]) VALUES ('21472733799',0,0)
INSERT INTO USERS([first_name],[last_name],[cellphone_number],[document],[email],[user_type]) VALUES('Cheryl','Landry','3879565685','64876107099','quis.turpis.vitae@elementumpurusaccumsan.org',2);
INSERT INTO CLIENTS([document_user],[balance],[debt]) VALUES ('64876107099',0,0)
INSERT INTO USERS([first_name],[last_name],[cellphone_number],[document],[email],[user_type]) VALUES('Nash','Humphrey','3848197544','48898001699','elit.elit.fermentum@eunullaat.net',2);
INSERT INTO CLIENTS([document_user],[balance],[debt]) VALUES ('48898001699',0,0)
INSERT INTO USERS([first_name],[last_name],[cellphone_number],[document],[email],[user_type]) VALUES('Kuame','Dunlap','3346595195','89752236399','Aliquam@utnullaCras.ca',2);
INSERT INTO CLIENTS([document_user],[balance],[debt]) VALUES ('89752236399',0,0)
INSERT INTO USERS([first_name],[last_name],[cellphone_number],[document],[email],[user_type]) VALUES('Russell','Campos','3142356433','59700459199','placerat.orci.lacus@Vestibulumuteros.org',2);
INSERT INTO CLIENTS([document_user],[balance],[debt]) VALUES ('59700459199',0,0)
INSERT INTO USERS([first_name],[last_name],[cellphone_number],[document],[email],[user_type]) VALUES('Jermaine','Ward','3254733669','51648355799','blandit.enim.consequat@vitaediamProin.net',2);
INSERT INTO CLIENTS([document_user],[balance],[debt]) VALUES ('51648355799',0,0)
INSERT INTO USERS([first_name],[last_name],[cellphone_number],[document],[email],[user_type]) VALUES('Camilla','Boyd','3773557884','36805615699','Nam.consequat@posuereenimnisl.net',2);
INSERT INTO CLIENTS([document_user],[balance],[debt]) VALUES ('36805615699',0,0)
INSERT INTO USERS([first_name],[last_name],[cellphone_number],[document],[email],[user_type]) VALUES('Emery','Mcfarland','3661287672','20852488699','erat@iaculis.edu',2);
INSERT INTO CLIENTS([document_user],[balance],[debt]) VALUES ('20852488699',0,0)
INSERT INTO USERS([first_name],[last_name],[cellphone_number],[document],[email],[user_type]) VALUES('Yael','Giles','3448133124','79360691199','ac.facilisis.facilisis@Vestibulum.edu',2);
INSERT INTO CLIENTS([document_user],[balance],[debt]) VALUES ('79360691199',0,0)
INSERT INTO USERS([first_name],[last_name],[cellphone_number],[document],[email],[user_type]) VALUES('Jasper','Schultz','3181234483','52264719399','Aenean.eget.metus@mattisvelit.net',2);
INSERT INTO CLIENTS([document_user],[balance],[debt]) VALUES ('52264719399',0,0)
INSERT INTO USERS([first_name],[last_name],[cellphone_number],[document],[email],[user_type]) VALUES('Rebecca','Byrd','3999229597','59557027999','nec@montesnascetur.org',2);
INSERT INTO CLIENTS([document_user],[balance],[debt]) VALUES ('59557027999',0,0)
INSERT INTO USERS([first_name],[last_name],[cellphone_number],[document],[email],[user_type]) VALUES('Quemby','Hamilton','3494836836','80672543499','erat.vel@pedeCrasvulputate.edu',2);
INSERT INTO CLIENTS([document_user],[balance],[debt]) VALUES ('80672543499',0,0)
INSERT INTO USERS([first_name],[last_name],[cellphone_number],[document],[email],[user_type]) VALUES('Gavin','Palmer','3941861358','19717153799','lacus.Ut@cursusdiamat.ca',2);
INSERT INTO CLIENTS([document_user],[balance],[debt]) VALUES ('19717153799',0,0)
INSERT INTO USERS([first_name],[last_name],[cellphone_number],[document],[email],[user_type]) VALUES('Steven','Pena','3926282971','41969528799','Curabitur@vulputateposuere.org',2);
INSERT INTO CLIENTS([document_user],[balance],[debt]) VALUES ('41969528799',0,0)
INSERT INTO USERS([first_name],[last_name],[cellphone_number],[document],[email],[user_type]) VALUES('Kieran','Henson','3733181546','15319926099','et.risus@in.org',2);
INSERT INTO CLIENTS([document_user],[balance],[debt]) VALUES ('15319926099',0,0)
INSERT INTO USERS([first_name],[last_name],[cellphone_number],[document],[email],[user_type]) VALUES('Margaret','House','3361783887','68437138999','eget.nisi.dictum@sagittisDuisgravida.com',2);
INSERT INTO CLIENTS([document_user],[balance],[debt]) VALUES ('68437138999',0,0)
INSERT INTO USERS([first_name],[last_name],[cellphone_number],[document],[email],[user_type]) VALUES('Zephania','Aguilar','3259157173','21527910699','diam@placerategetvenenatis.net',2);
INSERT INTO CLIENTS([document_user],[balance],[debt]) VALUES ('21527910699',0,0)
INSERT INTO USERS([first_name],[last_name],[cellphone_number],[document],[email],[user_type]) VALUES('Kai','Gay','+57-348-1178841','61402468399','vestibulum.nec.euismod@lobortis.edu',2);
INSERT INTO CLIENTS([document_user],[balance],[debt]) VALUES ('61402468399',0,0)
INSERT INTO USERS([first_name],[last_name],[cellphone_number],[document],[email],[user_type]) VALUES('Kelly','Osborn','+57-353-7229722','90697985199','pretium.aliquet.metus@facilisislorem.co.uk',2);
INSERT INTO CLIENTS([document_user],[balance],[debt]) VALUES ('90697985199',0,0)
INSERT INTO USERS([first_name],[last_name],[cellphone_number],[document],[email],[user_type]) VALUES('Reuben','Castillo','+57-335-2681824','58765043499','consequat@Loremipsum.edu',2);
INSERT INTO CLIENTS([document_user],[balance],[debt]) VALUES ('58765043499',0,0)
INSERT INTO USERS([first_name],[last_name],[cellphone_number],[document],[email],[user_type]) VALUES('Seth','Bradshaw','+57-372-4398315','40270299299','porttitor.interdum.Sed@metus.net',2);
INSERT INTO CLIENTS([document_user],[balance],[debt]) VALUES ('40270299299',0,0)
INSERT INTO USERS([first_name],[last_name],[cellphone_number],[document],[email],[user_type]) VALUES('Bruno','Roy','+57-391-7319647','88974523099','sit.amet@seddolor.edu',2);
INSERT INTO CLIENTS([document_user],[balance],[debt]) VALUES ('88974523099',0,0)
INSERT INTO USERS([first_name],[last_name],[cellphone_number],[document],[email],[user_type]) VALUES('Felicia','Farley','+57-396-2632483','15276171099','ultricies.adipiscing.enim@mollisduiin.edu',2);
INSERT INTO CLIENTS([document_user],[balance],[debt]) VALUES ('15276171099',0,0)
INSERT INTO USERS([first_name],[last_name],[cellphone_number],[document],[email],[user_type]) VALUES('Julie','Stephenson','+57-355-4299775','10421706099','turpis@fringilla.com',2);
INSERT INTO CLIENTS([document_user],[balance],[debt]) VALUES ('10421706099',0,0)
INSERT INTO USERS([first_name],[last_name],[cellphone_number],[document],[email],[user_type]) VALUES('Jerry','Noble','+57-334-1896912','08325985099','quam.dignissim@tristique.com',2);
INSERT INTO CLIENTS([document_user],[balance],[debt]) VALUES ('08325985099',0,0)
INSERT INTO USERS([first_name],[last_name],[cellphone_number],[document],[email],[user_type]) VALUES('Gavin','Petersen','+57-386-4495321','41345482199','id.ante.Nunc@eget.co.uk',2);
INSERT INTO CLIENTS([document_user],[balance],[debt]) VALUES ('41345482199',0,0)
INSERT INTO USERS([first_name],[last_name],[cellphone_number],[document],[email],[user_type]) VALUES('Armando','Wilson','+57-376-9441725','02820587199','sit.amet@dignissimpharetraNam.com',2);
INSERT INTO CLIENTS([document_user],[balance],[debt]) VALUES ('02820587199',0,0)
INSERT INTO USERS([first_name],[last_name],[cellphone_number],[document],[email],[user_type]) VALUES('Nelle','Mullins','+57-335-9135652','09838720299','lorem.vitae@Sedeueros.edu',2);
INSERT INTO CLIENTS([document_user],[balance],[debt]) VALUES ('09838720299',0,0)
INSERT INTO USERS([first_name],[last_name],[cellphone_number],[document],[email],[user_type]) VALUES('Odysseus','Park','+57-329-7331541','29616622099','enim.gravida.sit@metus.edu',2);
INSERT INTO CLIENTS([document_user],[balance],[debt]) VALUES ('29616622099',0,0)
INSERT INTO USERS([first_name],[last_name],[cellphone_number],[document],[email],[user_type]) VALUES('Kelsey','Salas','+57-361-6731757','87299257399','vitae@dolorsitamet.net',2);
INSERT INTO CLIENTS([document_user],[balance],[debt]) VALUES ('87299257399',0,0)
INSERT INTO USERS([first_name],[last_name],[cellphone_number],[document],[email],[user_type]) VALUES('Hector','Lindsay','+57-399-4775571','99394869099','Integer.vulputate@luctussit.org',2);
INSERT INTO CLIENTS([document_user],[balance],[debt]) VALUES ('99394869099',0,0)
INSERT INTO USERS([first_name],[last_name],[cellphone_number],[document],[email],[user_type]) VALUES('Reed','Reeves','+57-388-2787387','66916986899','convallis.erat.eget@In.edu',2);
INSERT INTO CLIENTS([document_user],[balance],[debt]) VALUES ('66916986899',0,0)
INSERT INTO USERS([first_name],[last_name],[cellphone_number],[document],[email],[user_type]) VALUES('Galvin','Flynn','+57-327-1724749','99774865799','consectetuer@apurus.net',2);
INSERT INTO CLIENTS([document_user],[balance],[debt]) VALUES ('99774865799',0,0)
INSERT INTO USERS([first_name],[last_name],[cellphone_number],[document],[email],[user_type]) VALUES('Kristen','Powell','+57-378-1323896','91619587299','eu@lobortis.com',2);
INSERT INTO CLIENTS([document_user],[balance],[debt]) VALUES ('91619587299',0,0)
INSERT INTO USERS([first_name],[last_name],[cellphone_number],[document],[email],[user_type]) VALUES('Hector','Robles','+57-381-6157854','89410330999','Nulla@gravidasagittisDuis.edu',2);
INSERT INTO CLIENTS([document_user],[balance],[debt]) VALUES ('89410330999',0,0)


INSERT INTO USERS([first_name],[last_name],[cellphone_number],[document],[email],[user_type]) VALUES('Igor','Payne','3646855616','36679084799','Fusce.aliquam@ametorci.ca',3);
INSERT INTO EMPLOYEES([document_user],[nickname],[password]) VALUES ('36679084799','IGPA','a65s515a')
INSERT INTO USERS([first_name],[last_name],[cellphone_number],[document],[email],[user_type]) VALUES('Vladimir','Caldwell','3116777441','99319112598','ligula.consectetuer@odioEtiamligula.co.uk',3);
INSERT INTO EMPLOYEES([document_user],[nickname],[password]) VALUES ('99319112598','VLACAL','ASD156')
INSERT INTO USERS([first_name],[last_name],[cellphone_number],[document],[email],[user_type]) VALUES('Clayton','Petersen','3868919244','99319112599','pede.Cum@ametrisus.ca',3);
INSERT INTO EMPLOYEES([document_user],[nickname],[password]) VALUES ('99319112599','CLPE','AS5D112')
INSERT INTO USERS([first_name],[last_name],[cellphone_number],[document],[email],[user_type]) VALUES('Buffy','Riddle','3458341151','59739787699','in.magna@orcitincidunt.ca',3);
INSERT INTO EMPLOYEES([document_user],[nickname],[password]) VALUES ('59739787699','BURI','5asd511')
INSERT INTO USERS([first_name],[last_name],[cellphone_number],[document],[email],[user_type]) VALUES('Stephen','Howe','3828556523','77225092299','urna@aliquet.co.uk',3);
INSERT INTO EMPLOYEES([document_user],[nickname],[password]) VALUES ('77225092299','STHO','r6g56etgh')
INSERT INTO USERS([first_name],[last_name],[cellphone_number],[document],[email],[user_type]) VALUES('Jameson','Hale','3112217272','48755468899','velit@rutrum.co.uk',3);
INSERT INTO EMPLOYEES([document_user],[nickname],[password]) VALUES ('48755468899','JAHA','65ryj651sd')
INSERT INTO USERS([first_name],[last_name],[cellphone_number],[document],[email],[user_type]) VALUES('Leila','Colon','3462446197','88473204599','ac.orci@nullaIntegerurna.edu',3);
INSERT INTO EMPLOYEES([document_user],[nickname],[password]) VALUES ('88473204599','LECO','sad89f4trh')
INSERT INTO USERS([first_name],[last_name],[cellphone_number],[document],[email],[user_type]) VALUES('Garth','Gamble','3321643566','32524335699','tellus@ut.net',3);
INSERT INTO EMPLOYEES([document_user],[nickname],[password]) VALUES ('32524335699','GARGAM','s56dfc41')
INSERT INTO USERS([first_name],[last_name],[cellphone_number],[document],[email],[user_type]) VALUES('Sloane','Mcguire','3386282439','88664491899','Curabitur@Nulla.com',3);
INSERT INTO EMPLOYEES([document_user],[nickname],[password]) VALUES ('88664491899','SLMC','56asd1c1ergzash')
INSERT INTO USERS([first_name],[last_name],[cellphone_number],[document],[email],[user_type]) VALUES('Patience','Jacobson','3818179733','26642939999','felis.purus@ultricesmaurisipsum.co.uk',3);
INSERT INTO EMPLOYEES([document_user],[nickname],[password]) VALUES ('26642939999','PATJAC','sd5vs151fr7')
INSERT INTO USERS([first_name],[last_name],[cellphone_number],[document],[email],[user_type]) VALUES('Prescott','Dyer','3164992272','87941293999','mauris.eu@Proinvel.org',3);
INSERT INTO EMPLOYEES([document_user],[nickname],[password]) VALUES ('87941293999','PRDY','ds5v1frg48re')
INSERT INTO USERS([first_name],[last_name],[cellphone_number],[document],[email],[user_type]) VALUES('Elijah','England','3449515476','67901868299','id.libero.Donec@facilisisSuspendisse.com',3);
INSERT INTO EMPLOYEES([document_user],[nickname],[password]) VALUES ('67901868299','ELEN','as5cvykg85251')
INSERT INTO USERS([first_name],[last_name],[cellphone_number],[document],[email],[user_type]) VALUES('Merrill','Dominguez','3139372439','79519502099','sit.amet.massa@egestasDuis.net',3);
INSERT INTO EMPLOYEES([document_user],[nickname],[password]) VALUES ('79519502099','MEDO','sdf4th15sd')
INSERT INTO USERS([first_name],[last_name],[cellphone_number],[document],[email],[user_type]) VALUES('Wilma','Mckee','3252898196','79653653599','justo@Cumsociis.edu',3);
INSERT INTO EMPLOYEES([document_user],[nickname],[password]) VALUES ('79653653599','WIMC','sd8g4trg1sd2v')
INSERT INTO USERS([first_name],[last_name],[cellphone_number],[document],[email],[user_type]) VALUES('Florence','Winters','3555573222','86530046799','Donec.non.justo@liberoProin.co.uk',3);
INSERT INTO EMPLOYEES([document_user],[nickname],[password]) VALUES ('86530046799','FLWI','sd65gv41etrg')


--(TABLE CLIENTS)
INSERT INTO USERS([first_name],[last_name],[cellphone_number],[document],[email],[user_type]) VALUES(@FirstName,@lastName,@Cellphone,@Document,@Email,2);
INSERT INTO CLIENTS([document_user],[balance],[debt]) VALUES(@DocumentUser,@Balance,@Debt)
INSERT INTO EMPLOYEES([document_user],[nickname],[password]) VALUES (@DocumentUser,@NickName,@Password)
UPDATE USERS SET [first_name]=@FirstName,[last_name]=@LastName,[cellphone_number]=@Cellphone,[email]=@Email WHERE document= @Documemt
UPDATE CLIENTS SET [balance]=@Balance,[debt]=@Debt WHERE document_user =@DocumentUser